{
  "__comment": "periodIndex = period index starting from the first week/day of the generated timeframe. initialValue = start value of the product. prdCustomValue1-3 and accCustomValue1-3 refer custom values that can be defined in the account and product files.",
  "measures": [
    {
      "timeGranularity": "W",
      "format": "I",
      "measureCode": "SHIP",
      "formula": "initialValue + periodIndex * 5"
    },
    {
      "timeGranularity": "W",
      "format": "D",
      "measureCode": "BSL",
      "formula": "(initialValue + periodIndex * 5) / 2"
    },
    {
      "timeGranularity": "W",
      "format": "I",
      "measureCode": "TVOL",
      "formula": "(initialValue + periodIndex * 4.9) / 2"
    },    
    {
      "timeGranularity": "D",
      "format": "D",
      "measureCode": "TREV",
      "formula": "(initialValue + periodIndex * 0.05) * prdCustomValue1"
    },
    {
      "timeGranularity": "D",
      "format": "D",
      "measureCode": "AREV",
      "formula": "(initialValue + periodIndex * 0.06) * prdCustomValue1"
    }
  ]
}